{"stats":{"minecraft:dropped":{"minecraft:diamond_chestplate":1,"minecraft:diamond_leggings":1,"minecraft:diamond_helmet":1,"minecraft:diamond_boots":1,"minecraft:red_dye":1},"minecraft:picked_up":{"minecraft:chicken":1,"minecraft:leather":2,"minecraft:torch":2,"minecraft:oak_stairs":5,"minecraft:oak_log":3,"minecraft:cobblestone_wall":1,"minecraft:diamond_chestplate":1,"minecraft:cactus":2,"minecraft:diamond_leggings":1,"minecraft:diamond_boots":1,"minecraft:beef":3,"minecraft:red_dye":1,"minecraft:diamond_helmet":1,"minecraft:egg":1},"minecraft:used":{"minecraft:orange_dye":1,"minecraft:yellow_dye":2,"minecraft:ender_eye":3,"minecraft:writable_book":2,"minecraft:lava_bucket":14,"minecraft:gray_dye":2,"minecraft:flint_and_steel":15,"minecraft:grass_block":857,"minecraft:barrier":40,"minecraft:cactus":3,"minecraft:lectern":1,"minecraft:chest":11,"minecraft:spruce_planks":12,"minecraft:lime_dye":1,"minecraft:white_dye":1,"minecraft:diamond_axe":3,"minecraft:spruce_sapling":3,"minecraft:glow_ink_sac":12,"minecraft:sand":50,"minecraft:brown_dye":1,"minecraft:dirt":227,"minecraft:birch_pressure_plate":26,"minecraft:light_blue_dye":1,"minecraft:tnt":330,"minecraft:crafting_table":1,"minecraft:green_dye":1,"minecraft:oak_sapling":3,"minecraft:birch_sign":25,"minecraft:blast_furnace":2,"minecraft:end_portal_frame":16,"minecraft:red_dye":1,"minecraft:end_stone":138,"minecraft:spruce_log":8,"minecraft:bone_meal":19,"minecraft:obsidian":36},"minecraft:custom":{"minecraft:time_since_rest":13066,"minecraft:sprint_one_cm":13779,"minecraft:walk_one_cm":64163,"minecraft:damage_taken":280,"minecraft:mob_kills":26,"minecraft:drop":5,"minecraft:damage_dealt":514,"minecraft:interact_with_crafting_table":5,"minecraft:fly_one_cm":504289,"minecraft:open_chest":41,"minecraft:crouch_one_cm":5909,"minecraft:play_time":78543,"minecraft:sneak_time":3649,"minecraft:deaths":1,"minecraft:bell_ring":1,"minecraft:interact_with_lectern":3,"minecraft:jump":200,"minecraft:leave_game":3,"minecraft:time_since_death":77861,"minecraft:sleep_in_bed":1,"minecraft:total_world_time":173366},"minecraft:killed":{"minecraft:cat":2,"minecraft:chicken":2,"minecraft:villager":4,"minecraft:cow":1}},"DataVersion":3120}